Data,Otwarcie,Najwyzszy,Najnizszy,Zamkniecie
2020-04-16,1717.84,1738.75,1708.6,1717.7
2020-04-17,1717.64,1718.61,1680.61,1684.1
2020-04-20,1682.59,1702.975,1672.12,1696.05
2020-04-21,1696.475,1697.95,1660.86,1686.1
2020-04-22,1688.49,1718.93,1680.59,1714.12
2020-04-23,1713.94,1738.74,1707.9,1730.33
2020-04-24,1730.53,1736.5,1710.79,1728.03
2020-04-27,1728.52,1728.52,1706.09,1714.135
2020-04-28,1713.255,1716.17,1692.4,1708.08
2020-04-29,1708.59,1717.69,1698.11,1713.32
2020-04-30,1714.05,1721.25,1681.05,1686.855
2020-05-01,1686.93,1705.4,1670.59,1699.23
2020-05-04,1701.92,1714.45,1692.07,1701.74
2020-05-05,1701.07,1712.22,1690.84,1705.93
2020-05-06,1706.04,1708.1,1683.21,1685.78
2020-05-07,1683.73,1722.12,1683.38,1715.94
2020-05-08,1717.12,1723.33,1701.83,1707.15
2020-05-11,1702.03,1712.38,1692.45,1698
2020-05-12,1697.26,1711.03,1694.04,1702.82
2020-05-13,1702.26,1718.21,1699.31,1715.08
2020-05-14,1716.515,1736.35,1711.25,1730.22
2020-05-15,1730.43,1751.16,1728.83,1742.98
2020-05-18,1746.2,1765.12,1727.7,1732.275
2020-05-19,1732.54,1748.01,1726.5,1745.07
2020-05-20,1745.91,1754.08,1742.89,1748.32
2020-05-21,1747.92,1748.83,1717.36,1727.38
2020-05-22,1727.32,1739.94,1724.58,1735.38
2020-05-25,1733.7,1735.58,1722.42,1730.68
2020-05-26,1728.84,1735.43,1708.44,1711.13
2020-05-27,1710.75,1716.14,1693.82,1709.4
2020-05-28,1711.29,1727.13,1707.29,1718.64
2020-05-29,1719.05,1737.59,1712.98,1731.5
2020-06-01,1736.49,1744.67,1728.47,1739.58
2020-06-02,1738.97,1745.09,1721.69,1727.76
2020-06-03,1727.8,1731.99,1689.5,1699.75
2020-06-04,1700.42,1721.65,1697.27,1714.09
2020-06-05,1715.26,1716.41,1671.03,1681.82
2020-06-08,1684.24,1700.65,1677.74,1698.47
2020-06-09,1698.16,1720.88,1692.54,1715.28
2020-06-10,1713.9,1740.05,1708.34,1737.76
2020-06-11,1737.94,1744.81,1721.82,1727.12
2020-06-12,1727.795,1743,1722.5,1731.37
2020-06-15,1733.4,1734.13,1704.48,1725.11
2020-06-16,1725.15,1732.87,1717.17,1726.72
2020-06-17,1726.26,1730.26,1713.38,1726.82
2020-06-18,1726.33,1737.55,1717.75,1722.82
2020-06-19,1722.2,1745.2,1721.71,1742.52
2020-06-22,1750.03,1763.16,1743.29,1754.44
2020-06-23,1754.85,1771.16,1747.64,1768.38
2020-06-24,1768.13,1779.38,1760.92,1760.92
2020-06-25,1761.38,1769.03,1755.68,1763.72
2020-06-26,1765.32,1772,1747.72,1770.97
2020-06-29,1775.68,1775.8,1766.06,1772.92
2020-06-30,1772.85,1785.96,1765.44,1780.96
2020-07-01,1782.69,1789.24,1759.51,1770.15
2020-07-02,1769.51,1779.57,1757.75,1775.33
2020-07-03,1776.11,1777.21,1772.79,1775.725
2020-07-06,1776.455,1787.18,1770.35,1784.55
2020-07-07,1784.8,1797.51,1773.88,1794.85
2020-07-08,1795.56,1818,1791.83,1808.87
2020-07-09,1809.61,1815.97,1795.95,1803.56
2020-07-10,1802.42,1810.53,1794.19,1799.54
2020-07-13,1798.98,1813.36,1798.15,1802.69
2020-07-14,1803.11,1810.98,1791.74,1809.33
2020-07-15,1808.71,1814.69,1802.82,1810.26
2020-07-16,1810.38,1813.43,1794.68,1797.22
2020-07-17,1797.74,1811.97,1795.98,1810.12
2020-07-20,1809.11,1820.55,1805.93,1817.83
2020-07-21,1818.24,1843.52,1815.93,1841.77
2020-07-22,1841.55,1872.97,1840.8,1872.97
2020-07-23,1872.59,1898.44,1863.81,1887.175
2020-07-24,1887.39,1906.68,1881.11,1902.59
2020-07-27,1901.81,1945.67,1900.18,1940.18
2020-07-28,1942.45,1981.3,1907.23,1960.38
2020-07-29,1957.28,1980.78,1941.55,1969.48
2020-07-30,1970.99,1971.75,1939.76,1951.13
2020-07-31,1957.4,1982.77,1955.39,1974.2
2020-08-03,1979.6,1985.32,1960.77,1976.85
2020-08-04,1977.11,2019.94,1968.42,2016.51
2020-08-05,2019.35,2055.69,2009.84,2038.635
2020-08-06,2040.645,2069.74,2034.725,2065.35
2020-08-07,2065.72,2075.11,2015.71,2031.69
2020-08-10,2033.15,2049.77,2019.71,2027.6
2020-08-11,2028.33,2030.15,1901.7,1912.05
2020-08-12,1911.93,1949.39,1864.19,1916.125
2020-08-13,1915.15,1966.24,1912.7,1954.13
2020-08-14,1953.25,1962.22,1932.62,1943.52
2020-08-17,1947.1,1990.71,1930.18,1981.05
2020-08-18,1985.2,2015.68,1976.24,1997.75
2020-08-19,2002.66,2006.58,1925.04,1935.93
2020-08-20,1929.5,1955.38,1925.16,1947.87
2020-08-21,1947.37,1956.035,1911.92,1938.02
2020-08-24,1941.74,1961.67,1923.77,1928.845
2020-08-25,1928.575,1937.42,1914.39,1928.46
2020-08-26,1931.33,1954.81,1902.87,1954.2
2020-08-27,1955.57,1976.15,1910.76,1925.41
2020-08-28,1929.87,1973.64,1923.49,1963.49
2020-08-31,1965.48,1976.46,1954.62,1967.82
2020-09-01,1967.59,1992.47,1964.14,1970.42
2020-09-02,1969.84,1973.32,1932.65,1943.06
2020-09-03,1942.885,1951.1,1922.17,1930.675
2020-09-04,1931.63,1948.15,1916.51,1934.81
2020-09-07,1931.64,1941.08,1924.99,1928.385
2020-09-08,1929.81,1940.84,1906.76,1931.68
2020-09-09,1932.05,1950.82,1920.16,1946.79
2020-09-10,1946.16,1966.54,1941.54,1946.06
2020-09-11,1945.25,1954.81,1937.52,1942.445
2020-09-14,1940.06,1962.51,1937.62,1956.39
2020-09-15,1957.67,1972.14,1948.58,1954.05
2020-09-16,1953.74,1973.59,1950.03,1959.84
2020-09-17,1959.45,1961.05,1933.21,1944
2020-09-18,1942.64,1960.09,1942.64,1950.94
2020-09-21,1949.69,1955.66,1883.12,1912.58
2020-09-22,1912.77,1919.73,1894.92,1900.05
2020-09-23,1900.17,1905.4,1856.03,1863.6
2020-09-24,1863.11,1877.13,1848.81,1867.83
2020-09-25,1868.41,1875.23,1852.86,1862.66
2020-09-28,1859.49,1883.11,1849.67,1881.56
2020-09-29,1881.485,1899.11,1875.63,1896.56
2020-09-30,1898.73,1902.29,1881.61,1885.8
2020-10-01,1886.25,1911.92,1884.74,1906.05
2020-10-02,1905.63,1917.14,1890.01,1901.81
2020-10-05,1902.67,1918.71,1887.15,1913.56
2020-10-06,1913.135,1920.8,1874.97,1878.07
2020-10-07,1879.08,1898.01,1873.14,1887.4
2020-10-08,1887.74,1900.68,1882.03,1893.77
2020-10-09,1894.21,1929.66,1893.75,1928.47
2020-10-12,1928.66,1933.23,1918.62,1922.64
2020-10-13,1922.71,1925.51,1887.35,1891.11
2020-10-14,1892.08,1913.11,1882.56,1901.83
2020-10-15,1902.15,1909.025,1889.3,1908.16
2020-10-16,1908.965,1913.89,1898.04,1899.34
2020-10-19,1899.86,1918.53,1897.14,1904.36
2020-10-20,1904.35,1914.13,1894.96,1906.44
2020-10-21,1908.94,1931.47,1908.65,1924.685
2020-10-22,1924.3,1926.02,1894.8,1904.07
2020-10-23,1904.22,1914.29,1894.58,1903.55
2020-10-26,1893.52,1908.64,1893.49,1902.385
2020-10-27,1902.59,1911.37,1897.93,1907.77
2020-10-28,1904.79,1910.9,1869.92,1876.675
2020-10-29,1877.98,1885.02,1860.1,1868.57
2020-10-30,1866.73,1889.73,1864.79,1878.38
2020-11-02,1877.11,1896.07,1873.61,1895.8
2020-11-03,1895.75,1910.6,1887.16,1909.73
2020-11-04,1908.7,1916.36,1883.23,1902.99
2020-11-05,1903.1,1952.78,1902.59,1949.74
2020-11-06,1948.87,1960.42,1935.67,1951.76
2020-11-09,1954.4,1965.55,1850.69,1862.86
2020-11-10,1864.76,1890.44,1860.71,1877.26
2020-11-11,1877.23,1884.46,1856.45,1865.64
2020-11-12,1865.84,1883.85,1862.82,1877.01
2020-11-13,1876.89,1896.76,1874.08,1887.84
2020-11-16,1889.82,1899.06,1865.41,1888.99
2020-11-17,1889.04,1893.49,1877.1,1880.55
2020-11-18,1880.85,1884.86,1865.11,1872.48
2020-11-19,1872.91,1874.17,1852.65,1866.59
2020-11-20,1866.175,1879.75,1860.59,1873.16
2020-11-23,1870.13,1876.16,1831.12,1837.86
2020-11-24,1838.06,1838.99,1801.04,1807.53
2020-11-25,1807.93,1817.6,1801.73,1807.625
2020-11-26,1807.735,1818.35,1806.19,1810.31
2020-11-27,1811.09,1813.65,1774.5,1787.215
2020-11-30,1789.6,1790.02,1764.72,1776.77
2020-12-01,1777.15,1817.32,1775.83,1815.21
2020-12-02,1815.325,1832.48,1807.57,1830.61
2020-12-03,1830.57,1844.03,1823.92,1841.04
2020-12-04,1841.4,1848.17,1829.5,1836.52
2020-12-07,1838.86,1868.59,1823.39,1862.31
2020-12-08,1862.35,1875.27,1860.37,1870.41
2020-12-09,1870.93,1870.93,1825.94,1840.06
2020-12-10,1839.84,1849.99,1828.89,1836.79
2020-12-11,1837.38,1847.74,1824.76,1839.5
2020-12-14,1841.46,1841.46,1820.17,1827.12
2020-12-15,1827.79,1855.39,1825.66,1853.36
2020-12-16,1853.49,1865.68,1844.85,1864.91
2020-12-17,1864.49,1896.4,1862.34,1885.595
2020-12-18,1885.88,1889.65,1877.49,1881.27
2020-12-21,1884.24,1906.73,1855.42,1876.76
2020-12-22,1877.39,1884.29,1858.98,1860.32
2020-12-23,1861.01,1878.18,1858.06,1873.21
2020-12-24,1873.2,1883.58,1869.82,1879.82
2020-12-28,1883.2,1900.29,1870.31,1873.96
2020-12-29,1873.15,1886.37,1872.27,1878.41
2020-12-30,1878.27,1894.6,1876.39,1894.58
2020-12-31,1894.32,1901.09,1885.54,1898.705
2021-01-04,1903.49,1944.44,1903.49,1942.78
2021-01-05,1942.4,1953.06,1934.45,1950.18
2021-01-06,1950.56,1959.11,1901,1919.48
2021-01-07,1919.47,1927.69,1906.97,1913.25
2021-01-08,1914.74,1917.51,1829.04,1848.61
2021-01-11,1849.22,1856.58,1817.6,1843.73
2021-01-12,1844.16,1863.66,1837.83,1854.75
2021-01-13,1855.42,1862.96,1842.35,1845.12
2021-01-14,1845.29,1857.4,1831.18,1845.87
2021-01-15,1847.05,1856.53,1823.46,1825.57
2021-01-18,1828.23,1840.79,1804.01,1837.585
2021-01-19,1838.09,1845.38,1833.17,1839.96
2021-01-20,1840.53,1871.79,1833.04,1871.4
2021-01-21,1871.26,1875.07,1858.58,1869.83
2021-01-22,1870.085,1870.89,1837.63,1853.87
2021-01-25,1855.1,1867.9,1847.22,1855.95
2021-01-26,1856.22,1861.75,1848.66,1850.81
2021-01-27,1851.24,1853.18,1831.58,1843.56
2021-01-28,1844.43,1864.13,1834.26,1842.43
2021-01-29,1842.99,1875.66,1839.69,1842.81
2021-02-01,1862.7,1871.76,1849.34,1860.61
2021-02-02,1860.45,1864.08,1829.71,1837.97
2021-02-03,1838.04,1845,1830.66,1834.08
2021-02-04,1833.99,1834.83,1785.15,1794.33
2021-02-05,1793.91,1815.24,1792.41,1810.95
2021-02-08,1815.29,1839.16,1807.94,1830.61
2021-02-09,1830.31,1848.59,1829.07,1838.59
2021-02-10,1837.89,1855.52,1834.21,1843.255
2021-02-11,1843.35,1847.61,1821.31,1825.7
2021-02-12,1826.12,1830.56,1810.75,1821.29
2021-02-15,1825.55,1827.1,1816.23,1818.855
2021-02-16,1819.165,1826.52,1789.68,1794.46
2021-02-17,1794.3,1795.24,1769.98,1776.44
2021-02-18,1777.68,1789.41,1768.55,1775.84
2021-02-19,1776.64,1791.49,1760.74,1781.43
2021-02-22,1782.17,1812.63,1780.84,1809.36
2021-02-23,1809.87,1815.95,1795.92,1805.67
2021-02-24,1806.16,1813.82,1783.73,1805.47
2021-02-25,1805.24,1805.26,1766.15,1770.75
2021-02-26,1771.85,1775.84,1717.15,1727.48
2021-03-01,1733.82,1759.54,1719.77,1724.95
2021-03-02,1724.96,1739.18,1707.31,1738.48
2021-03-03,1738.22,1740.52,1702.28,1711.04
2021-03-04,1710.98,1722.91,1690.94,1697.5
2021-03-05,1697.72,1707.48,1687.56,1698.33
2021-03-08,1703.55,1714.2,1676.95,1683.6
2021-03-09,1683.48,1720.69,1680.31,1716.17
2021-03-10,1716.11,1726.89,1708.26,1726.72
2021-03-11,1726.76,1739.91,1719.47,1722.6
2021-03-12,1722.34,1727.98,1699.35,1724.54
2021-03-15,1727.89,1734.57,1721.97,1732.16
2021-03-16,1730.77,1741.16,1726.38,1732.485
2021-03-17,1731.95,1751.65,1724.19,1747.38
2021-03-18,1747.5,1755.55,1719.31,1736.18
2021-03-19,1735.06,1746.74,1728.62,1745
2021-03-22,1738.18,1743.1,1727.58,1739.695
2021-03-23,1739.65,1742.53,1724.76,1727.48
2021-03-24,1727.02,1738.42,1724.08,1734.765
2021-03-25,1734.18,1745.52,1722.1,1727.855
2021-03-26,1727.96,1736.78,1721.7,1732.57
2021-03-29,1731.7,1733.2,1705.94,1712.21
2021-03-30,1712.37,1714.45,1678.92,1685.195
2021-03-31,1685.595,1715.2,1677.75,1707.65
2021-04-01,1708,1730.65,1705.85,1729.7
2021-04-05,1728.6,1733.56,1721.36,1728.33
2021-04-06,1728.6,1745.48,1727.3,1743.3
2021-04-07,1743.05,1744.43,1730.76,1737.7
2021-04-08,1737.9,1758.71,1733.24,1755.6
2021-04-09,1755.65,1757.39,1731.41,1742.98
2021-04-12,1743,1745.05,1727.79,1732.85
2021-04-13,1732.7,1748.94,1723.8,1745.34
2021-04-14,1745.65,1749.39,1732.88,1736.45
2021-04-15,1736.43,1769.64,1734.2,1763.64
2021-04-16,1763.75,1783.79,1759.91,1775.98
2021-04-19,1777.5,1790.06,1766.85,1771.45
2021-04-20,1770.85,1780.43,1763.77,1778.91
2021-04-21,1778.71,1797.57,1776.36,1793.65
2021-04-22,1794,1797.87,1777.53,1784.16
2021-04-23,1784.43,1795.98,1770.09,1776.3
2021-04-26,1776.05,1783.5,1769.1,1781.25
2021-04-27,1781.26,1785.58,1773.91,1776.65
2021-04-28,1776.7,1782.63,1762.69,1781.63
2021-04-29,1782.3,1790,1756.29,1772.03
2021-04-30,1772.88,1773.7,1764.4,1767.94
2021-05-03,1770.46,1797.89,1766.21,1792.995
2021-05-04,1794.015,1799,1771.29,1778.78
2021-05-05,1779.01,1788.07,1770.56,1786.86
2021-05-06,1787.23,1818.08,1782.2,1814.96
2021-05-07,1815.08,1843.26,1813,1832.13
2021-05-10,1832.78,1845.41,1830.15,1836.15
2021-05-11,1836.11,1841.81,1818.27,1837.49
2021-05-12,1837.51,1843.49,1813.43,1815.41
2021-05-13,1815.92,1828.73,1809.02,1826.5
2021-05-14,1826.49,1843.65,1819.98,1842.74
2021-05-17,1842.4,1868.49,1842.24,1866.85
2021-05-18,1865.7,1874.92,1863.39,1869.55
2021-05-19,1869.61,1890.07,1852.23,1869.52
2021-05-20,1869.71,1883.83,1863.96,1877.22
2021-05-21,1877.65,1889.34,1870.21,1879.9
2021-05-24,1881.99,1887.05,1875.79,1880.88
2021-05-25,1881.11,1900.32,1872.85,1899.16
2021-05-26,1899.09,1912.81,1890.83,1896.79
2021-05-27,1896.42,1903.73,1888.55,1896.37
2021-05-28,1897.53,1905.48,1882.52,1904.85
2021-05-31,1903.54,1910.62,1902.21,1906.75
2021-06-01,1907.4,1916.59,1892.53,1900.3
2021-06-02,1900.07,1909.1,1894.58,1908.28
2021-06-03,1907.96,1909.65,1865.55,1870.59
2021-06-04,1871.005,1896.13,1855.96,1891.53
2021-06-07,1891.66,1900.16,1881.61,1899.25
2021-06-08,1899,1903.35,1884.33,1892.91
2021-06-09,1892.14,1898.91,1887.42,1888.62
2021-06-10,1888.84,1899.95,1870.56,1898.33
2021-06-11,1898.44,1903.02,1874.33,1876.63
2021-06-14,1877.82,1877.9,1845.01,1866.19
2021-06-15,1866.47,1869.1,1851.54,1858.8
2021-06-16,1859.38,1862.7,1804.22,1811.75
2021-06-17,1811.93,1825.34,1767.33,1773.29
2021-06-18,1773.05,1797.33,1761.31,1762.06
2021-06-21,1764.69,1786.53,1764.69,1783.15
2021-06-22,1783.02,1790.18,1772.75,1778.7
2021-06-23,1779,1794.79,1773.54,1778.7
2021-06-24,1778.49,1788.01,1773.04,1775.15
2021-06-25,1775.51,1790.3,1773.46,1779.39
2021-06-28,1781.11,1785.89,1770.76,1778.37
2021-06-29,1778.27,1779.02,1751.16,1761.17
2021-06-30,1761.71,1774.42,1753.46,1770.21
2021-07-01,1770.03,1782.78,1765.85,1776.76
2021-07-02,1777.05,1795.07,1774.45,1787.97
2021-07-05,1787.48,1794.46,1784.55,1791.745
2021-07-06,1792.1,1815.02,1790.22,1797.02
2021-07-07,1796.96,1809.63,1793.99,1803.65
2021-07-08,1803.97,1818.34,1794.9,1802.71
2021-07-09,1802.95,1812.37,1796.78,1808.33
2021-07-12,1808.02,1810.7,1791.78,1806.18
2021-07-13,1806.36,1817.15,1799.05,1807.7
2021-07-14,1808.25,1829.81,1804.7,1827.41
2021-07-15,1827.4,1833.93,1820.41,1829.49
2021-07-16,1829.43,1832.09,1809.3,1811.01
2021-07-19,1811.35,1817.34,1795.22,1812.23
2021-07-20,1812.75,1824.9,1805.2,1810.27
2021-07-21,1810.68,1813.8,1794.91,1803.51
2021-07-22,1803.8,1808.09,1792.92,1806.93
2021-07-23,1807.225,1810.4,1790.8,1801.45
2021-07-26,1802.36,1811.53,1796.48,1797.48
2021-07-27,1797.53,1805.23,1793.73,1798.96
2021-07-28,1799.02,1809.86,1792.91,1807.15
2021-07-29,1807.38,1832.68,1806.96,1828.17
2021-07-30,1828.31,1831.29,1810.45,1813.91
2021-08-02,1814.2,1819.57,1805.87,1813.33
2021-08-03,1813.44,1815.1,1807.22,1810.5
2021-08-04,1810.7,1831.63,1806.76,1812.08
2021-08-05,1811.97,1814.92,1798.07,1804.355
2021-08-06,1804.55,1804.86,1758.3,1760.33
2021-08-09,1763.53,1764.67,1671.9,1729.7
2021-08-10,1730.26,1738.39,1717.87,1729.15
2021-08-11,1729.3,1754.29,1724.5,1751.73
2021-08-12,1751.18,1758.2,1741.97,1752.66
2021-08-13,1752.68,1779.27,1751.86,1778.57
2021-08-16,1789,1789.25,1770.6,1787.25
2021-08-17,1787.59,1795.36,1780.68,1786.06
2021-08-18,1786.24,1793.82,1777.44,1787.74
2021-08-19,1787.6,1792.35,1774.76,1780.13
2021-08-20,1780.32,1788.46,1778.56,1782.18
2021-08-23,1786.95,1806.51,1776.6,1805.5
2021-08-24,1805.3,1809.51,1800.64,1802.95
2021-08-25,1803.07,1803.07,1782.87,1790.9
2021-08-26,1790.96,1798.22,1780.26,1792.09
2021-08-27,1792.96,1819.16,1785.62,1818.45
2021-08-30,1818.41,1823.31,1807.62,1810.16
2021-08-31,1810.075,1819.21,1801.94,1813.47
2021-09-01,1814.095,1820.06,1808.57,1813.83
2021-09-02,1813.85,1817.19,1805.19,1809.565
2021-09-03,1809.3,1834.1,1808.09,1828.65
2021-09-06,1830.355,1830.355,1820.7,1823.37
2021-09-07,1823.3,1827.33,1792.43,1794.4
2021-09-08,1794.42,1802.04,1782.6,1789.23
2021-09-09,1789.14,1801.04,1783.73,1794.5
2021-09-10,1794.6,1803.94,1787.16,1787.9
2021-09-13,1787.9,1798.49,1783.84,1793.63
2021-09-14,1793.5,1808.77,1780.75,1804.61
2021-09-15,1804.515,1806.92,1790.61,1793.775
2021-09-16,1794.35,1796.24,1745.22,1753.41
2021-09-17,1754.195,1767.41,1747.29,1751.65
2021-09-20,1754.5,1767.16,1742.255,1764.095
2021-09-21,1764.6,1781.7,1757.94,1774.19
2021-09-22,1774.15,1787.3,1764.995,1768.205
2021-09-23,1768.65,1776.47,1738.095,1742.76
2021-09-24,1743.3,1757.69,1740.65,1746.72
2021-09-27,1751.735,1760.91,1744.93,1750.085
2021-09-28,1750.25,1754.53,1727.19,1733.93
2021-09-29,1734.2,1745.66,1721.53,1726.35
2021-09-30,1726.13,1764.29,1722.04,1756.895
2021-10-01,1756.8,1764.18,1749.56,1760.07
2021-10-04,1760.08,1770.46,1747.84,1769.44
2021-10-05,1769.425,1769.44,1749.18,1759.96
2021-10-06,1760.03,1765.08,1746.01,1762.65
2021-10-07,1763.07,1766.96,1752.18,1755.17
2021-10-08,1756.09,1781.37,1753.44,1756.88
2021-10-11,1757.565,1760.98,1750.38,1754.2
2021-10-12,1754.075,1769.4,1750.85,1760.11
2021-10-13,1760.14,1796.02,1758.09,1793.05
2021-10-14,1792.85,1800.47,1786.84,1796.01
2021-10-15,1795.99,1796.48,1764.97,1768.33
2021-10-18,1767.875,1772.1,1760.42,1764.87
2021-10-19,1765.02,1785.16,1763.01,1769.54
2021-10-20,1769.36,1788.44,1766.97,1782.04
2021-10-21,1782.2,1789.31,1776.62,1782.83
2021-10-22,1783.34,1813.74,1783.04,1794.13
2021-10-25,1794.33,1809.98,1792.37,1807.73
2021-10-26,1807.38,1808.34,1782.46,1792.85
2021-10-27,1793.26,1799.1,1783.57,1797
2021-10-28,1796.67,1810.36,1792.49,1798.86
2021-10-29,1799.6,1801.15,1772.11,1782.82
2021-11-01,1780.88,1795.82,1779.35,1791.87
2021-11-02,1791.86,1796.44,1786.3,1787.09
2021-11-03,1787.11,1787.7,1758.99,1773.85
2021-11-04,1773.86,1798.95,1770.9,1791.43
2021-11-05,1791.47,1818.34,1785.335,1818.215
2021-11-08,1818.165,1826.4,1812.2,1824.32
2021-11-09,1824.89,1832.75,1819.23,1831.83
2021-11-10,1831.91,1868.27,1822.71,1849.36
2021-11-11,1849.77,1865.94,1843.02,1862
2021-11-12,1861.86,1868.5,1845.29,1866.08
2021-11-15,1867.85,1870.07,1856.38,1862.8
2021-11-16,1862.91,1877.09,1849.64,1850.43
2021-11-17,1850.32,1868.01,1849.64,1867.43
2021-11-18,1866.9,1870.96,1855.39,1858.91
2021-11-19,1859.23,1865.39,1843.15,1846.97
2021-11-22,1847.07,1849.13,1802.39,1804.8
2021-11-23,1807.295,1812.37,1782.16,1789.12
2021-11-24,1789.28,1796.4,1778.83,1788.64
2021-11-25,1788.34,1795.12,1786.17,1788.635
2021-11-26,1788.705,1815.46,1780.995,1791.875
2021-11-29,1791.875,1799.44,1780.525,1784.71
2021-11-30,1785.15,1808.71,1770.01,1774.96
2021-12-01,1775.085,1793.41,1772.25,1781.87
2021-12-02,1781.97,1783.35,1762.08,1768.3
2021-12-03,1769.75,1786.16,1766.23,1782.96
2021-12-06,1785.3,1787.66,1776.05,1778.48
2021-12-07,1778.935,1787.69,1772.44,1784.17
2021-12-08,1784.575,1793.08,1779.77,1783.09
2021-12-09,1783.25,1787.58,1774.01,1775.17
2021-12-10,1776.02,1789.33,1770.2,1782.9
2021-12-13,1783.395,1791.39,1781.925,1786.68
2021-12-14,1786.15,1789.58,1766.82,1770.7
2021-12-15,1771.32,1780.88,1754.81,1777.13
2021-12-16,1778.36,1799.64,1775.65,1799.23
2021-12-17,1799.16,1814.27,1796.06,1796.14
2021-12-20,1800.04,1804.17,1787.18,1790.9
2021-12-21,1791.56,1800.42,1784.95,1788.97
2021-12-22,1788.7,1805.03,1786.02,1803.66
2021-12-23,1803.935,1810.7,1799.02,1808.57
2021-12-27,1808.005,1813.47,1803.15,1811.97
2021-12-28,1811.67,1820.16,1805.16,1806.15
2021-12-29,1806.19,1807.73,1789.53,1804.38
2021-12-30,1804.48,1817.18,1796.26,1814.69
2021-12-31,1815.085,1830.35,1814.59,1829.5
2022-01-03,1830.05,1831.82,1798.48,1801.32
2022-01-04,1802.37,1816.72,1799.15,1814.64
2022-01-05,1814.09,1829.66,1808.42,1810.29
2022-01-06,1810.76,1811.49,1786.53,1790.98
2022-01-07,1791.22,1798.64,1782.98,1795.81
2022-01-10,1796,1802.36,1790.49,1801.74
2022-01-11,1800.79,1823.28,1800.23,1821.54
2022-01-12,1820.82,1828.08,1814.89,1826.27
2022-01-13,1825.9,1828,1812.58,1822.7
2022-01-14,1821.585,1829.17,1814.8,1816.6
2022-01-17,1817.73,1823.24,1813.2,1819.255
2022-01-18,1818.85,1822.82,1805.88,1813.81
2022-01-19,1813.67,1843.32,1810.37,1840.56
2022-01-20,1839.8,1847.81,1836.12,1839.6
2022-01-21,1839.34,1843.17,1828.6,1831.78
2022-01-24,1834.54,1844.27,1830,1843.17
2022-01-25,1842.99,1853.88,1835.09,1848.15
2022-01-26,1847.955,1850.15,1815.36,1819.45
2022-01-27,1820.015,1822.21,1791.91,1797.2
2022-01-28,1798.075,1799.44,1780.33,1788.87
2022-01-31,1790.41,1799.79,1785.62,1797.35
2022-02-01,1797.985,1808.79,1795.78,1801.11
2022-02-02,1800.655,1810.81,1794.64,1806.9
2022-02-03,1807.07,1808.98,1788.88,1804.86
2022-02-04,1805.39,1814.93,1792.64,1808.13
2022-02-07,1807.59,1823.58,1807.12,1820.54
2022-02-08,1820.93,1828.82,1815.49,1826.03
2022-02-09,1826.01,1835.83,1825,1832.99
2022-02-10,1832.76,1841.96,1821.93,1826.68
2022-02-11,1826.775,1865.44,1821.39,1861.27
2022-02-14,1861.01,1874.19,1850.96,1871.42
2022-02-15,1871.49,1879.51,1844.935,1853.55
2022-02-16,1853.83,1872.58,1850.51,1869.61
2022-02-17,1869.75,1901.16,1867.89,1898.4
2022-02-18,1898.63,1902.49,1886.71,1897.03
2022-02-21,1901.16,1908.28,1887.73,1904.075
2022-02-22,1908.21,1914.15,1891.6,1898.49
2022-02-23,1898.94,1910.55,1889.75,1909.19
2022-02-24,1910.4,1974.04,1881.06,1904.1
2022-02-25,1906.015,1921.34,1883.24,1890.79
2022-02-28,1889.24,1931.48,1889.24,1908.82
2022-03-01,1907.645,1950.04,1901.47,1945.135
2022-03-02,1944.305,1947.97,1914.25,1928.67
2022-03-03,1928.965,1941.15,1922.17,1936.31
2022-03-04,1937.23,1970.25,1929.79,1967.46
2022-03-07,1970.93,2002.6,1961.44,1997.7
2022-03-08,1996.775,2069.94,1981.29,2050.01
2022-03-09,2049.48,2059.18,1976.17,1991.97
2022-03-10,1991.62,2009.07,1970.99,1996.87
2022-03-11,1997.12,1999.02,1959.04,1982.68
2022-03-14,1980.54,1981.04,1949.82,1953.71
2022-03-15,1953.56,1954.69,1907.39,1916.26
2022-03-16,1916.25,1929.54,1895.48,1925.71
2022-03-17,1925.86,1949.75,1925.33,1941.27
2022-03-18,1941.27,1945.21,1918.16,1921.13
2022-03-21,1920.22,1939.96,1918.33,1936.24
2022-03-22,1936.24,1938.36,1911.29,1920.87
2022-03-23,1920.74,1948.41,1915.59,1945.21
2022-03-24,1945.16,1965.74,1937.59,1958.42
2022-03-25,1958.33,1964.27,1943.37,1958.16
2022-03-28,1959.24,1959.75,1917.11,1922.78
2022-03-29,1923.06,1929.38,1890.42,1919.48
2022-03-30,1920.21,1938.18,1916.08,1932.71
2022-03-31,1933.31,1949.8,1919.39,1937.27
2022-04-01,1937.58,1939.54,1918.09,1922.73
2022-04-04,1925.5,1936.8,1916.2,1932.74
2022-04-05,1932.89,1944.57,1918.065,1923.495
2022-04-06,1923.81,1933.565,1916.055,1925.355
2022-04-07,1925.25,1937.815,1920.625,1931.575
2022-04-08,1931.6,1948.115,1927.875,1944.185
2022-04-11,1947.06,1969.125,1940.115,1953.765
2022-04-12,1954.16,1978.405,1949.905,1966.615
2022-04-13,1967.08,1981.555,1962.965,1978.185
2022-04-14,1977.56,1980.405,1961.335,1973.495
2022-04-18,1974.2,1998.325,1971.29,1978.735
2022-04-19,1977.81,1981.985,1944.335,1950.145
2022-04-20,1950.35,1958.355,1939.355,1957.625
2022-04-21,1957.17,1957.625,1936.895,1951.395
2022-04-22,1951.11,1955.635,1926.845,1932.645
2022-04-25,1932.05,1934.425,1891.645,1898.145
2022-04-26,1898.67,1911.165,1895.825,1905.315
2022-04-27,1905.93,1907.095,1881.445,1885.955
2022-04-28,1885.83,1896.755,1872.355,1894.545
2022-04-29,1894.91,1919.975,1892.635,1896.395
2022-05-02,1896.11,1899.955,1855.195,1862.885
2022-05-03,1863.52,1877.955,1850.495,1868.295
2022-05-04,1868.4,1889.595,1861.495,1881.335
2022-05-05,1883.25,1909.845,1872.765,1877.165
2022-05-06,1877.15,1892.555,1866.265,1880.915
2022-05-09,1882.28,1885.765,1852.025,1853.865
2022-05-10,1854.46,1865.455,1835.825,1838.325
2022-05-11,1838.85,1857.985,1832.165,1852.525
2022-05-12,1852.02,1858.895,1821.465,1821.805
2022-05-13,1822.51,1828.785,1799.215,1809.765
2022-05-16,1811.51,1826.865,1787.395,1823.995
2022-05-17,1825.78,1836.075,1812.995,1815.065
2022-05-18,1814.68,1824.685,1807.585,1816.615
2022-05-19,1816.54,1849.165,1811.055,1842.135
2022-05-20,1841.86,1849.445,1832.715,1844.705
2022-05-23,1846,1865.345,1844.17,1853.575
2022-05-24,1853.73,1869.715,1849.425,1866.535
2022-05-25,1865.71,1868.125,1843.565,1853.305
2022-05-26,1853.2,1854.395,1841.785,1850.815
2022-05-27,1851.21,1861.865,1848.125,1853.495
2022-05-30,1853.1,1864.025,1848.275,1855.215
2022-05-31,1855.165,1857.085,1835.195,1837.635
2022-06-01,1836.92,1850.025,1828.635,1846.405
2022-06-02,1846.9,1870.405,1844.195,1868.645
2022-06-03,1869.13,1873.955,1847.515,1850.775
2022-06-06,1850.81,1857.645,1840.715,1841.705
2022-06-07,1841.12,1855.495,1837.205,1852.415
2022-06-08,1852.68,1859.655,1844.735,1853.165
2022-06-09,1852.96,1855.365,1840.315,1847.945
2022-06-10,1848.07,1875.865,1825.615,1871.945
2022-06-13,1871.53,1878.985,1819.105,1819.525
2022-06-14,1820.48,1831.515,1805.185,1808.255
2022-06-15,1808.75,1841.355,1807.59,1833.89
2022-06-16,1833.74,1857.535,1816.355,1856.725
2022-06-17,1855.58,1856.725,1833.975,1837.115
2022-06-20,1838.33,1846.055,1834.895,1836.8
2022-06-21,1838.34,1843.665,1828.695,1833.125
2022-06-22,1833.03,1847.955,1823.555,1837.935
2022-06-23,1837.82,1845.705,1822.615,1822.665
2022-06-24,1823.32,1831.615,1817.015,1823.795
2022-06-27,1838,1840.985,1820.915,1822.775
2022-06-28,1822.73,1829.455,1818.535,1819.945
2022-06-29,1820.08,1832.755,1812.255,1817.915
2022-06-30,1817.86,1824.655,1802.885,1807.215
2022-07-01,1807.3,1809.385,1784.585,1806.055
2022-07-04,1808.81,1814.355,1804.01,1807.95
2022-07-05,1807.95,1812.145,1764.075,1764.785
2022-07-06,1766.33,1772.955,1732.505,1739.295
2022-07-07,1739.7,1748.985,1736.575,1740.225
2022-07-08,1740.38,1751.585,1733.835,1741.515
2022-07-11,1743.08,1744.725,1731.385,1734.065
2022-07-12,1733.56,1742.135,1723.415,1726.205
2022-07-13,1726.125,1745.425,1707.515,1735.655
2022-07-14,1735.85,1736.405,1697.665,1709.935
2022-07-15,1710.81,1716.605,1699.295,1705.795
2022-07-18,1708.1,1723.735,1706.17,1709.145
2022-07-19,1709.54,1718.465,1705.375,1711.715
2022-07-20,1711.77,1714.175,1692.815,1696.605
2022-07-21,1696.51,1720.295,1681.205,1718.335
2022-07-22,1718,1739.125,1712.965,1724.155
2022-07-25,1727.39,1736.245,1714.945,1719.735
2022-07-26,1719.3,1728.235,1713.765,1717.525
2022-07-27,1717.64,1740.335,1711.645,1734.465
2022-07-28,1734.45,1757.115,1734.185,1756.065
2022-07-29,1755.89,1768.005,1752.695,1761.035
2022-08-01,1765.7,1774.965,1758.465,1772.235
2022-08-02,1772.24,1788.055,1760.31,1761.345
2022-08-03,1762.12,1772.745,1754.395,1765.625
2022-08-04,1765.31,1794.965,1763.355,1791.245
2022-08-05,1790.77,1794.935,1765.185,1773.485
2022-08-08,1775.24,1790.105,1771.01,1789.145
2022-08-09,1788.97,1800.455,1783.355,1794.435
2022-08-10,1795.24,1807.785,1787.675,1792.285
2022-08-11,1792.3,1799.205,1783.735,1789.505
2022-08-12,1789.76,1802.155,1784.975,1801.435
2022-08-15,1801.9,1802.47,1773.065,1779.545
2022-08-16,1780.12,1783.185,1771.625,1775.475
2022-08-17,1775.88,1782.375,1759.885,1762.145
2022-08-18,1762.4,1772.445,1755.455,1758.465
2022-08-19,1759.1,1759.295,1745.655,1746.665
2022-08-22,1747.15,1749.135,1728.015,1736.235
2022-08-23,1735.93,1754.165,1730.935,1747.965
2022-08-24,1748,1755.865,1742.565,1751.345
2022-08-25,1751.31,1765.525,1750.025,1758.675
2022-08-26,1758.76,1758.955,1734.275,1736.895
2022-08-29,1736.35,1745.385,1720.405,1737.595
2022-08-30,1737.65,1740.585,1721.225,1724.375
2022-08-31,1723.25,1726.605,1709.695,1711.145
2022-09-01,1711.07,1711.515,1688.925,1697.685
2022-09-02,1696.85,1718.015,1695.095,1709.765
2022-09-05,1712.11,1715.815,1707.885,1710.04
2022-09-06,1709.7,1726.155,1699.985,1701.985
2022-09-07,1702.12,1719.385,1691.445,1718.455
2022-09-08,1718.22,1728.235,1704.105,1708.605
2022-09-09,1708.69,1729.435,1708.605,1715.935
2022-09-12,1717.49,1735.125,1712.095,1724.705
2022-09-13,1724.84,1731.855,1697.225,1702.555
2022-09-14,1701.63,1706.995,1693.735,1697.475
2022-09-15,1697.345,1698.305,1660.565,1664.525
2022-09-16,1665.17,1680.205,1654.245,1673.185
2022-09-19,1675.6,1680.035,1659.795,1675.705
2022-09-20,1675.8,1679.265,1660.055,1664.955
2022-09-21,1665.01,1687.935,1654.375,1673.875
2022-09-22,1673.21,1684.945,1655.735,1671.345
2022-09-23,1671.63,1675.935,1640.135,1643.155
2022-09-26,1644.55,1649.635,1621.245,1622.805
2022-09-27,1622.94,1642.415,1622.805,1629.195
2022-09-28,1629.72,1662.685,1614.905,1660.025
2022-09-29,1659.84,1664.955,1641.675,1660.615
2022-09-30,1660.74,1675.185,1659.365,1661.815
2022-10-03,1661.67,1701.485,1659.765,1699.695
2022-10-04,1698.44,1729.345,1695.275,1726.415
2022-10-05,1725.17,1727.815,1700.855,1716.345
2022-10-06,1716.32,1725.445,1707.025,1712.655
2022-10-07,1712.44,1714.865,1691.195,1695.525
2022-10-10,1696.6,1699.955,1665.945,1668.145
2022-10-11,1668.795,1683.955,1661.115,1666.265
2022-10-12,1666.6,1678.085,1661.535,1673.255
2022-10-13,1673.82,1682.335,1642.475,1666.265
2022-10-14,1666.52,1671.805,1640.385,1642.845
2022-10-17,1643.85,1668.395,1643.65,1650.765
2022-10-18,1650.4,1660.915,1646.065,1652.085
2022-10-19,1652.12,1654.495,1627.865,1629.155
2022-10-20,1629.28,1645.585,1622.545,1628.265
2022-10-21,1628.115,1657.175,1617.395,1655.175
2022-10-24,1658.68,1669.75,1644.055,1649.405
2022-10-25,1650.1,1662.305,1638.405,1653.155
2022-10-26,1652.415,1674.935,1649.855,1664.835
2022-10-27,1664.4,1670.825,1655.065,1663.455
2022-10-28,1662.57,1667.045,1638.325,1645.245
2022-10-31,1644.275,1645.675,1631.955,1632.755
2022-11-01,1632.75,1656.85,1631.42,1648.3
2022-11-02,1646.885,1669.205,1633.385,1634.175
2022-11-03,1634.105,1641.035,1616.755,1630.325
2022-11-04,1630.395,1681.695,1629.485,1681.4
2022-11-07,1674.93,1681.875,1667.175,1675.385
2022-11-08,1675.08,1716.945,1664.785,1712.375
2022-11-09,1711.73,1722.115,1702.285,1707.035
2022-11-10,1706.28,1757.315,1703.965,1755.575
2022-11-11,1754.2,1768.185,1747.435,1767.865
2022-11-14,1771.43,1775.065,1753.475,1771.305
2022-11-15,1770.53,1786.395,1767.155,1778.815
2022-11-16,1777.83,1785.055,1770.355,1773.865
2022-11-17,1773.85,1774.725,1754.685,1760.275
2022-11-18,1760.77,1767.725,1747.625,1748.775
2022-11-21,1750.5,1753.045,1732.665,1737.905
2022-11-22,1738.8,1749.785,1737.115,1740.115
2022-11-23,1740.22,1753.175,1728.93,1749.585
2022-11-24,1749.58,1758.665,1749.275,1755.435
2022-11-25,1755.245,1761.145,1746.075,1754.625
2022-11-28,1754.08,1763.675,1739.795,1741.685
2022-11-29,1740.57,1758.935,1739.96,1749.795
2022-11-30,1749.58,1770.045,1745.505,1768.615
2022-12-01,1768.69,1803.775,1768.585,1802.935
2022-12-02,1802.04,1804.515,1778.89,1797.56
2022-12-05,1797.73,1810.03,1765.92,1768.77
2022-12-06,1768.2,1780.9,1767.34,1771.09
2022-12-07,1771.13,1790.59,1768.87,1786.13
2022-12-08,1785.92,1794.85,1781.42,1789.09
2022-12-09,1789.72,1806.01,1788.61,1795.12
2022-12-12,1796.8,1797.32,1777.69,1781.41
2022-12-13,1781.12,1824.48,1781.12,1810.61
2022-12-14,1810.63,1813.92,1796.5,1807.42
2022-12-15,1807.28,1808.67,1774.39,1776.9
2022-12-16,1776.7,1794.28,1774.53,1792.2
2022-12-19,1792.75,1798.86,1783.95,1787.75
2022-12-20,1787.43,1821.07,1784.68,1817.83
2022-12-21,1817.92,1823.84,1812,1814.37
2022-12-22,1814.03,1820.49,1785.08,1792.45
2022-12-23,1793.52,1803.27,1791.33,1797.69
2022-12-27,1800.9,1833.31,1800.39,1813.63
2022-12-28,1813.84,1814.62,1797.23,1804.35
2022-12-29,1804.42,1820.17,1803.85,1815.02
2022-12-30,1814.74,1826.05,1813.62,1823.48
2023-01-03,1828.86,1849.96,1824.4,1839.54
2023-01-04,1838.77,1865.09,1836.36,1854.66
2023-01-05,1854.5,1859.08,1825.07,1832.96
2023-01-06,1832.34,1869.84,1831.48,1867.01
2023-01-09,1868.22,1881.36,1865.38,1871.78
2023-01-10,1871.09,1880.61,1867.92,1876.96
2023-01-11,1876.7,1886.55,1867.28,1875.65
2023-01-12,1875.05,1901.55,1874.72,1896.87
2023-01-13,1895.84,1921.96,1892.36,1920.74
2023-01-16,1920.2,1929,1910.92,1915.74
2023-01-17,1916.405,1919.08,1903.94,1908.67
2023-01-18,1908.42,1925.83,1896.72,1904.34
2023-01-19,1904.18,1935.19,1901.03,1932.17
2023-01-20,1931.65,1937.47,1920.73,1927.27
2023-01-23,1926.11,1935.55,1911.65,1931.02
2023-01-24,1930.96,1942.54,1917.56,1937.3
2023-01-25,1937.12,1948.06,1920.18,1946.27
2023-01-26,1946.48,1949.16,1919.13,1929.18
2023-01-27,1928.5,1935.01,1917.13,1926.56
2023-01-30,1928.24,1934.48,1920.73,1923.22
2023-01-31,1923.09,1931.08,1901.04,1928.28
2023-02-01,1928.13,1954.41,1920.7,1950.18
2023-02-02,1951.3,1959.71,1911.41,1912.64
2023-02-03,1912.05,1918.61,1861.62,1864.85
2023-02-06,1864.87,1881.19,1860.3,1867.69
2023-02-07,1867.75,1884.23,1865.23,1873.72
2023-02-08,1874.04,1886.12,1869.7,1875.55
2023-02-09,1875.24,1890.16,1859,1861.7
2023-02-10,1862.93,1872,1852.86,1864.2
2023-02-13,1864.7,1866.46,1850.56,1853.45
2023-02-14,1853.82,1869.95,1843.63,1854.46
2023-02-15,1854.08,1860.01,1830.67,1835.91
2023-02-16,1836.44,1845.34,1827.67,1836.5
2023-02-17,1836.51,1843.69,1818.98,1841.93
2023-02-20,1841.01,1847.58,1837.36,1841.295
2023-02-21,1841.9,1843.91,1830.29,1835.01
2023-02-22,1834.88,1845.98,1823.67,1825.26
2023-02-23,1826.05,1833.7,1818.02,1822.37
2023-02-24,1822.69,1827.87,1809,1810.98
2023-02-27,1811.13,1820.14,1806.86,1817.31
2023-02-28,1817.24,1831.21,1805.1,1826.8
2023-03-01,1826.9,1844.31,1823.12,1836.705
2023-03-02,1837.31,1838.84,1830.08,1835.75
2023-03-03,1836.21,1856.33,1835.75,1855.24
2023-03-06,1854.95,1858.31,1845.24,1846.76
2023-03-07,1846.465,1851.64,1812.85,1813.23
2023-03-08,1814.27,1824.29,1809.6,1813.82
2023-03-09,1814.29,1835.41,1812.05,1830.86
2023-03-10,1831.54,1870.01,1827.81,1869.9
2023-03-13,1884.295,1914.66,1871.6,1910.27
2023-03-14,1910.19,1914.18,1895.5,1904.27
2023-03-15,1904.32,1937.35,1885.78,1920.35
2023-03-16,1920.46,1933.37,1907.54,1920.02
2023-03-17,1920.15,1989.33,1918.54,1989.33
2023-03-20,1977.45,2009.6,1965.94,1978.36
2023-03-21,1978.36,1985.15,1935.51,1941.18
2023-03-22,1941.32,1978.8,1934.45,1965.71
2023-03-23,1965.665,2003.36,1965.665,1992.03
2023-03-24,1991.95,2003.01,1975.225,1977.78
2023-03-27,1977.78,1980.75,1944.35,1956.52
2023-03-28,1956.69,1975.31,1949.41,1973.7
2023-03-29,1973.6,1974.48,1958.76,1964.52
2023-03-30,1963.73,1984.29,1955.63,1980.31
2023-03-31,1980.55,1987.06,1966.98,1970.8
2023-04-03,1969.17,1990.52,1949.94,1984.565
2023-04-04,1984.32,2025.02,1977.09,2020.665
2023-04-05,2021.06,2032.02,2010.48,2020.84
2023-04-06,2020.97,2021.46,2001.11,2007.465
2023-04-10,1994.47,2009.83,1981.8,1991.35
2023-04-11,1991.28,2007.5,1988.91,2003.62
2023-04-12,2003.2,2027.86,2001.54,2014.94
2023-04-13,2014.52,2048.19,2014.12,2040.15
2023-04-14,2040.49,2047.47,1992.49,2005.45
2023-04-17,2004.1,2015.04,1981.42,1995.16
2023-04-18,1995.24,2011.89,1991.4,2005.28
2023-04-19,2005.03,2008.22,1969.38,1994.79
2023-04-20,1994.56,2012.3,1990.6,2004.82
2023-04-21,2004.39,2005.59,1971.73,1982.78
2023-04-24,1983.01,1990.85,1974.26,1989.1
2023-04-25,1989.06,2003.77,1976.26,1997.13
2023-04-26,1996.27,2008.93,1983.61,1989.46
2023-04-27,1989.82,2003.33,1974.32,1987.85
2023-04-28,1987.71,1995,1976.44,1989.27
2023-05-01,1989.94,2005.95,1977.18,1982.48
2023-05-02,1982.25,2019.39,1978.74,2016.7
2023-05-03,2016.19,2040.405,2008.44,2038.64
2023-05-04,2066.18,2078.925,2030.49,2050.19
2023-05-05,2049.28,2053.01,1999.63,2018
2023-05-08,2016.72,2029.39,2014.45,2021.49
2023-05-09,2021.1,2037.67,2019.64,2034.56
2023-05-10,2034.58,2048.17,2021.66,2030.185
2023-05-11,2029.96,2040.94,2011.45,2015.12
2023-05-12,2015.09,2022.57,2001.2,2011.06
2023-05-15,2008.5,2022.16,2007.58,2016.46
2023-05-16,2016.39,2018.35,1985.58,1988.92
2023-05-17,1988.86,1993.05,1975.19,1981.57
2023-05-18,1981.69,1986.01,1952.04,1957.53
2023-05-19,1958.2,1983.99,1954.08,1976.33
2023-05-22,1977.89,1982.61,1969.01,1971.82
2023-05-23,1972,1977.65,1954.4,1975.03
2023-05-24,1974.78,1985.15,1956.78,1957.36
2023-05-25,1958.07,1964.83,1938.96,1940.86
2023-05-26,1940.74,1957.25,1937.12,1947.59
2023-05-29,1942.915,1949.81,1940.38,1943.385
2023-05-30,1944.25,1963.56,1932.25,1959.43
2023-05-31,1959.23,1974.84,1953.74,1962.93
2023-06-01,1962.89,1983.13,1953.42,1977.58
2023-06-02,1977.01,1983.49,1948.15,1948.75
2023-06-05,1947.05,1964.02,1938.22,1961.89
2023-06-06,1961.76,1966.35,1954.55,1963.36
2023-06-07,1963.63,1970.06,1939.99,1940.01
2023-06-08,1940.14,1970.2,1939.88,1965.7
2023-06-09,1965.83,1972.84,1957.01,1960.04
2023-06-12,1961.28,1967.04,1949.42,1957.49
2023-06-13,1957.3,1970.11,1940.07,1943.6
2023-06-14,1943.4,1960.36,1939.82,1941.97
2023-06-15,1941.74,1960.3,1925.35,1958.045
2023-06-16,1957.3,1967.92,1953.54,1955.66
2023-06-19,1957.56,1958.77,1947.07,1950.35
2023-06-20,1950.47,1956.69,1929.85,1936.325
2023-06-21,1936.56,1939.54,1919.9,1932.7
2023-06-22,1932.92,1935.06,1912.53,1913.77
2023-06-23,1914.1,1937.32,1910.3,1919.15
2023-06-26,1920.73,1933.365,1920.73,1923.145
2023-06-27,1923.4,1930.575,1911.385,1913.765
2023-06-28,1914.22,1917.185,1902.915,1907.425
2023-06-29,1907.78,1913.055,1893.075,1908.235
2023-06-30,1908.69,1922.785,1900.605,1920.185
2023-07-03,1919.93,1930.945,1910.285,1921.59
2023-07-04,1921.55,1930.745,1919.99,1925.895
2023-07-05,1925.68,1935.025,1914.845,1915.235
2023-07-06,1915.46,1927.595,1902.835,1910.925
2023-07-07,1910.92,1934.755,1909.65,1924.845
2023-07-10,1924.88,1928.175,1912.905,1925.345
2023-07-11,1925.45,1938.435,1924.455,1932.225
2023-07-12,1932.27,1959.665,1932.225,1957.425
2023-07-13,1957.16,1963.385,1952.675,1960.475
2023-07-14,1960.39,1963.805,1951.105,1954.535
2023-07-17,1955.325,1959.865,1945.855,1954.935
2023-07-18,1954.7,1984.395,1954.7,1978.805
2023-07-19,1978.87,1980.95,1969.94,1977.01
2023-07-20,1975.8,1987.52,1965.44,1969.53
2023-07-21,1970.29,1973.73,1956.93,1962.5
2023-07-24,1962.075,1967.925,1953.545,1954.855
2023-07-25,1955.26,1965.585,1953.235,1965.015
2023-07-26,1965.18,1978.095,1962.105,1972.295
2023-07-27,1971.91,1982.16,1942.72,1945.645
2023-07-28,1946.4,1963.545,1945.575,1959.135
2023-07-31,1959.055,1972.395,1951.525,1965.575
2023-08-01,1965.78,1966.065,1941.385,1944.175
2023-08-02,1949.55,1954.795,1933.245,1934.895
2023-08-03,1935.15,1939.005,1929.755,1934.165
2023-08-04,1934.35,1946.595,1928.105,1941.515
2023-08-07,1942.985,1946.755,1931.545,1936.645
2023-08-08,1936.61,1938.135,1922.925,1925.305
2023-08-09,1925.31,1932.415,1914.125,1914.785
2023-08-10,1914.9,1930.065,1912.32,1912.375
2023-08-11,1912.82,1920.925,1911.025,1913.705
2023-08-14,1912.965,1916.195,1902.865,1907.495
2023-08-15,1907.47,1911.675,1896.685,1901.985
2023-08-16,1901.87,1907.26,1891.52,1892.12
2023-08-17,1892.19,1903.47,1885.18,1889.38
2023-08-18,1889.58,1896.77,1886.88,1889.48
2023-08-21,1889.475,1898.71,1884.89,1894.68
2023-08-22,1894.73,1904.38,1889.24,1897.45
2023-08-23,1897.47,1920.39,1897.45,1915.605
2023-08-24,1915.42,1923.375,1912.035,1916.83
2023-08-25,1917.17,1922.325,1903.935,1914.355
2023-08-28,1915.74,1926.155,1912.965,1920.235
2023-08-29,1920.27,1938.215,1914.515,1937.465
2023-08-30,1937.53,1949.005,1935.085,1942.58
2023-08-31,1942.87,1947.845,1939.165,1940.095
2023-09-01,1940.19,1952.925,1934.665,1940.585
2023-09-04,1939.66,1946.355,1936.925,1938.355
2023-09-05,1938.73,1939.025,1925.455,1926.115
2023-09-06,1926.4,1929.185,1915.355,1916.565
2023-09-07,1917.03,1923.435,1916.255,1919.705
2023-09-08,1919.7,1929.595,1917.425,1919.255
2023-09-11,1918.885,1930.595,1917.625,1922.415
2023-09-12,1922.79,1924.575,1907.715,1913.425
2023-09-13,1913.2,1915.725,1905.955,1908.245
2023-09-14,1908.91,1912.945,1901.115,1910.635
2023-09-15,1911.08,1930.395,1909.925,1922.505
2023-09-18,1924.15,1934.265,1922.675,1933.755
2023-09-19,1933.83,1937.425,1929.865,1931.435
2023-09-20,1931.94,1947.465,1928.015,1930.405
2023-09-21,1930.61,1931.565,1914.005,1920.11
2023-09-22,1920.06,1929.095,1919.51,1925.415
2023-09-25,1925.025,1927.185,1915.255,1915.995
2023-09-26,1916.24,1916.815,1899.265,1900.665
2023-09-27,1900.72,1903.84,1872.59,1875.06
2023-09-28,1876.53,1879.55,1857.93,1864.94
2023-09-29,1865.49,1879.78,1846.39,1848.49
2023-10-02,1848.09,1848.99,1827.27,1827.89
2023-10-03,1829.23,1833.185,1815.325,1822.975
2023-10-04,1823.69,1830.405,1816.725,1821.25
2023-10-05,1821.83,1829.225,1813.235,1820.255
2023-10-06,1820.8,1834.745,1810.565,1829.385
2023-10-09,1846.34,1863.535,1844.255,1861.505
2023-10-10,1861.45,1865.41,1853.13,1860.5
2023-10-11,1860.15,1877.23,1858.75,1874.35
2023-10-12,1874.75,1885.02,1868,1868.81
2023-10-13,1869.1,1930.81,1868.81,1928.23
2023-10-16,1929.33,1929.375,1908.395,1920.185
2023-10-17,1920.12,1931.525,1912.525,1923.145
2023-10-18,1924.05,1962.615,1923.145,1947.735
2023-10-19,1947.87,1977.765,1945.295,1974.385
2023-10-20,1973.55,1997.13,1972.09,1979.84
2023-10-23,1973.72,1983.68,1964.46,1972.85
2023-10-24,1973.62,1980.78,1953.72,1971.12
2023-10-25,1971.01,1987.07,1963.51,1979.565
2023-10-26,1980.66,1993.43,1972.09,1984.87
2023-10-27,1984.72,2009.41,1976.96,2007.33
2023-10-30,2001.48,2006.85,1991,1995.14
2023-10-31,1995.12,2007.82,1979,1984.69
2023-11-01,1984.9,1992.03,1970.05,1983.925
2023-11-02,1983.83,1991,1978.97,1985
2023-11-03,1985.01,2004.09,1983.34,1992.57
2023-11-06,1992.57,1993.18,1977.47,1977.99
2023-11-07,1978.13,1978.38,1956.78,1969.13
2023-11-08,1969.33,1971.07,1947.56,1950.28
2023-11-09,1950.03,1965.615,1945.005,1958.435
2023-11-10,1958.27,1960.855,1933.365,1936.025
2023-11-13,1938.78,1949.135,1921.12,1946.21
2023-11-14,1946.3,1970.745,1943.845,1963.125
2023-11-15,1962.81,1975.055,1955.545,1959.395
2023-11-16,1959.975,1987.965,1956.615,1981.27
2023-11-17,1981.175,1993.37,1978.69,1980.79
2023-11-20,1978.57,1985.15,1965.61,1978.015
2023-11-21,1977.785,2007.49,1977.785,1998.41
2023-11-22,1998.63,2006.29,1987,1989.9
2023-11-23,1989.43,1998.57,1989.39,1993.07
2023-11-24,1993.185,2003.64,1991.54,2002.445
2023-11-27,2002,2018.16,2000.68,2014.02
2023-11-28,2015.255,2043.05,2011.8,2040.95
2023-11-29,2041.245,2051.935,2035.645,2044.205
2023-11-30,2044.735,2047.105,2031.625,2036.195
2023-12-01,2037.13,2075.325,2034.015,2070.895
2023-12-04,2074.01,2144.83,2020.675,2029.42
2023-12-05,2029.74,2041.22,2010.05,2019.34
2023-12-06,2019.335,2035.77,2017.5,2025.4
2023-12-07,2026.52,2039.92,2020.39,2028.64
2023-12-08,2028.7,2034.06,1994.85,2002.82
2023-12-11,2003.76,2007.82,1976.08,1981.98
2023-12-12,1982.03,1996.59,1977.26,1979.47
2023-12-13,1979.91,2027.85,1973.14,2027.56
2023-12-14,2028.55,2047.97,2024.515,2036.38
2023-12-15,2036.275,2044.875,2015.715,2018.145
2023-12-18,2019.95,2033.61,2016.06,2027.29
2023-12-19,2027.595,2046.97,2021.8,2040.27
2023-12-20,2040.155,2043.505,2027.545,2031.275
2023-12-21,2032.265,2046.12,2031.635,2045.81
2023-12-22,2049.815,2070.585,2046.815,2053.335
2023-12-26,2053.855,2069.135,2053.19,2068.045
2023-12-27,2068.395,2084.465,2061.585,2077.675
2023-12-28,2077.86,2088.505,2064.765,2065.445
2023-12-29,2066.535,2074.735,2058.415,2063.235
2024-01-02,2063.76,2078.915,2056.285,2058.94
2024-01-03,2059.14,2066.035,2030.775,2041.45
2024-01-04,2042.175,2050.975,2036.495,2043.56
2024-01-05,2043.945,2063.825,2024.875,2043.805
2024-01-08,2045.37,2046.675,2017.815,2028.075
2024-01-09,2028.35,2041.38,2026.18,2030.21
2024-01-10,2030.53,2039.74,2020.53,2024.39
2024-01-11,2024.42,2039.61,2013.4,2028.995
2024-01-12,2029.105,2062.09,2028.88,2047.59
2024-01-15,2048.62,2058.635,2045.905,2054.815
2024-01-16,2054.92,2055.635,2024.395,2028.345
2024-01-17,2028.1,2033.03,2001.95,2006.26
2024-01-18,2006.02,2023.35,2005.92,2023.17
2024-01-19,2024.35,2039.35,2020.46,2028.52
2024-01-22,2029.99,2032.21,2017.22,2021.645
2024-01-23,2021.945,2037.81,2019.71,2029.26
2024-01-24,2029.03,2036.65,2011.36,2014.01
2024-01-25,2014.49,2025.14,2010.6,2020.88
2024-01-26,2020.545,2026.85,2016.07,2018.66
2024-01-29,2023.9,2037.43,2019.45,2032.865
2024-01-30,2032.895,2048.625,2029.275,2036.95
2024-01-31,2037.115,2056.005,2031.145,2039.57
2024-02-01,2039.93,2065.375,2030.165,2054.99
2024-02-02,2054.825,2057.665,2028.015,2036.135
2024-02-05,2039.8,2042.325,2015.005,2025.17
2024-02-06,2025.04,2038.95,2023,2036.05
2024-02-07,2036.055,2044.575,2030.695,2035.145
2024-02-08,2035.2,2038.685,2020.275,2034.48
2024-02-09,2034.57,2037.035,2020.465,2025.175
2024-02-12,2023.51,2027.48,2011.99,2020.035
2024-02-13,2019.885,2032.79,1990.27,1993.245
2024-02-14,1993.295,1996.08,1984.39,1992.35
2024-02-15,1992.575,2008.22,1990.28,2004.3
2024-02-16,2004.335,2015.22,1995.28,2012.03
2024-02-19,2015.2,2023,2012.03,2018.03
2024-02-20,2018,2030.92,2015.08,2024.335
2024-02-21,2024.425,2032.17,2020.24,2026.095
2024-02-22,2025.97,2034.83,2019.86,2024.45
2024-02-23,2024.575,2041.35,2016.11,2036.63
2024-02-26,2034.5,2037.045,2025.155,2031.215
2024-02-27,2031.45,2039.51,2028.84,2030.32
2024-02-28,2030.7,2037.81,2024.59,2034.52
2024-02-29,2035.32,2050.725,2028.195,2043.515
